{
  "n_test_asteroids": 101,
  "n_ensemble": 3,
  "CRPS": 0.22558237477127244,
  "NLL": 0.4620521200230496,
  "W1": 0.4617508729617902,
  "CRPS_climatology": 0.29741382769268476,
  "W1_climatology": 0.5666598757559516,
  "q50_rmse": 0.40925341942966026,
  "t_nn_per_asteroid_s": 0.03155456675161229,
  "t_mc_per_asteroid_s": 85.0,
  "speedup": 2693.7463812795622
}